doc_id,title,topic,device_category,language,source_type,source_url,license,word_count
guide_001,Choisir un laptop pour la data science et le machine learning,use_case_guide,laptop,fr,team_written,content/guides/01_laptop_data_science.md,"own (AI-assisted, team-reviewed)",423
guide_002,Choisir un laptop pour la programmation,use_case_guide,laptop,fr,team_written,content/guides/02_laptop_programmation.md,"own (AI-assisted, team-reviewed)",328
guide_003,Choisir un laptop pour le gaming,use_case_guide,laptop,fr,team_written,content/guides/03_laptop_gaming.md,"own (AI-assisted, team-reviewed)",369
guide_004,Choisir un laptop pour le montage vidéo,use_case_guide,laptop,fr,team_written,content/guides/04_laptop_montage_video.md,"own (AI-assisted, team-reviewed)",285
guide_005,Choisir un laptop pour un étudiant avec un petit budget,use_case_guide,laptop,fr,team_written,content/guides/05_laptop_etudiant.md,"own (AI-assisted, team-reviewed)",328
guide_006,Choisir un smartphone pour la photo,use_case_guide,smartphone,fr,team_written,content/guides/06_smartphone_photo.md,"own (AI-assisted, team-reviewed)",366
guide_007,Chargeurs et câbles USB-C et compatibilité Power Delivery,compatibility_guide,accessory,fr,team_written,content/guides/07_chargeurs_usb_c_pd.md,"own (AI-assisted, team-reviewed)",423
guide_008,Glossaire des termes techniques en électronique grand public,glossary,general,fr,team_written,content/guides/08_glossaire.md,"own (AI-assisted, team-reviewed)",523
kb_001,Random-access memory,components,general,en,wikipedia,https://en.wikipedia.org/wiki/Random-access_memory,CC BY-SA 4.0,3067
kb_002,DDR5 SDRAM,components,general,en,wikipedia,https://en.wikipedia.org/wiki/DDR5_SDRAM,CC BY-SA 4.0,1642
kb_003,Central processing unit,components,general,en,wikipedia,https://en.wikipedia.org/wiki/Central_processing_unit,CC BY-SA 4.0,8173
kb_004,Multi-core processor,components,general,en,wikipedia,https://en.wikipedia.org/wiki/Multi-core_processor,CC BY-SA 4.0,4393
kb_005,Solid-state drive,components,general,en,wikipedia,https://en.wikipedia.org/wiki/Solid-state_drive,CC BY-SA 4.0,6563
kb_006,Hard disk drive,components,general,en,wikipedia,https://en.wikipedia.org/wiki/Hard_disk_drive,CC BY-SA 4.0,8953
kb_007,NVM Express,components,general,en,wikipedia,https://en.wikipedia.org/wiki/NVM_Express,CC BY-SA 4.0,3079
kb_008,Graphics processing unit,gpu,general,en,wikipedia,https://en.wikipedia.org/wiki/Graphics_processing_unit,CC BY-SA 4.0,4080
kb_009,CUDA,gpu,laptop,en,wikipedia,https://en.wikipedia.org/wiki/CUDA,CC BY-SA 4.0,2161
kb_010,Thermal design power,components,laptop,en,wikipedia,https://en.wikipedia.org/wiki/Thermal_design_power,CC BY-SA 4.0,1880
kb_011,Apple silicon,components,laptop,en,wikipedia,https://en.wikipedia.org/wiki/Apple_silicon,CC BY-SA 4.0,8141
kb_012,Laptop,devices,laptop,en,wikipedia,https://en.wikipedia.org/wiki/Laptop,CC BY-SA 4.0,8842
kb_013,Ultrabook,devices,laptop,en,wikipedia,https://en.wikipedia.org/wiki/Ultrabook,CC BY-SA 4.0,635
kb_014,Gaming computer,devices,laptop,en,wikipedia,https://en.wikipedia.org/wiki/Gaming_computer,CC BY-SA 4.0,1560
kb_015,IPS panel,display,general,en,wikipedia,https://en.wikipedia.org/wiki/IPS_panel,CC BY-SA 4.0,859
kb_016,OLED,display,general,en,wikipedia,https://en.wikipedia.org/wiki/OLED,CC BY-SA 4.0,12386
kb_017,Refresh rate,display,general,en,wikipedia,https://en.wikipedia.org/wiki/Refresh_rate,CC BY-SA 4.0,2355
kb_018,Display resolution,display,general,en,wikipedia,https://en.wikipedia.org/wiki/Display_resolution,CC BY-SA 4.0,2414
kb_019,Lithium-ion battery,battery,general,en,wikipedia,https://en.wikipedia.org/wiki/Lithium-ion_battery,CC BY-SA 4.0,7317
kb_020,Ampere hour,battery,general,en,wikipedia,https://en.wikipedia.org/wiki/Ampere_hour,CC BY-SA 4.0,853
kb_021,Smartphone,devices,smartphone,en,wikipedia,https://en.wikipedia.org/wiki/Smartphone,CC BY-SA 4.0,7952
kb_022,Camera phone,camera,smartphone,en,wikipedia,https://en.wikipedia.org/wiki/Camera_phone,CC BY-SA 4.0,8045
kb_023,Image sensor,camera,smartphone,en,wikipedia,https://en.wikipedia.org/wiki/Image_sensor,CC BY-SA 4.0,2174
kb_024,Image stabilization,camera,smartphone,en,wikipedia,https://en.wikipedia.org/wiki/Image_stabilization,CC BY-SA 4.0,3684
kb_025,5G,connectivity,smartphone,en,wikipedia,https://en.wikipedia.org/wiki/5G,CC BY-SA 4.0,4748
kb_026,IP code,devices,smartphone,en,wikipedia,https://en.wikipedia.org/wiki/IP_code,CC BY-SA 4.0,945
kb_027,Near-field communication,connectivity,smartphone,en,wikipedia,https://en.wikipedia.org/wiki/Near-field_communication,CC BY-SA 4.0,4740
kb_028,USB-C,connectivity,accessory,en,wikipedia,https://en.wikipedia.org/wiki/USB-C,CC BY-SA 4.0,6132
kb_029,USB4,connectivity,accessory,en,wikipedia,https://en.wikipedia.org/wiki/USB4,CC BY-SA 4.0,5283
kb_030,Thunderbolt (interface),connectivity,accessory,en,wikipedia,https://en.wikipedia.org/wiki/Thunderbolt_(interface),CC BY-SA 4.0,6879
kb_031,HDMI,connectivity,accessory,en,wikipedia,https://en.wikipedia.org/wiki/HDMI,CC BY-SA 4.0,10671
kb_032,DisplayPort,connectivity,accessory,en,wikipedia,https://en.wikipedia.org/wiki/DisplayPort,CC BY-SA 4.0,7862
kb_033,Quick Charge,connectivity,accessory,en,wikipedia,https://en.wikipedia.org/wiki/Quick_Charge,CC BY-SA 4.0,1023
kb_034,Qi (standard),connectivity,accessory,en,wikipedia,https://en.wikipedia.org/wiki/Qi_(standard),CC BY-SA 4.0,1873
kb_035,Wi-Fi 6,connectivity,general,en,wikipedia,https://en.wikipedia.org/wiki/Wi-Fi_6,CC BY-SA 4.0,625
kb_036,Bluetooth,connectivity,general,en,wikipedia,https://en.wikipedia.org/wiki/Bluetooth,CC BY-SA 4.0,10084
kb_037,Active noise control,accessories,accessory,en,wikipedia,https://en.wikipedia.org/wiki/Active_noise_control,CC BY-SA 4.0,1145
kb_038,Docking station,accessories,accessory,en,wikipedia,https://en.wikipedia.org/wiki/Docking_station,CC BY-SA 4.0,1256
kb_039,Mémoire vive,components,general,fr,wikipedia,https://fr.wikipedia.org/wiki/Mémoire_vive,CC BY-SA 4.0,1581
kb_040,Processeur,components,general,fr,wikipedia,https://fr.wikipedia.org/wiki/Processeur,CC BY-SA 4.0,5566
kb_041,Carte graphique,gpu,general,fr,wikipedia,https://fr.wikipedia.org/wiki/Carte_graphique,CC BY-SA 4.0,2897
kb_042,Ordinateur portable,devices,laptop,fr,wikipedia,https://fr.wikipedia.org/wiki/Ordinateur_portable,CC BY-SA 4.0,2686
kb_043,Téléphone intelligent,devices,smartphone,fr,wikipedia,https://fr.wikipedia.org/wiki/Téléphone_intelligent,CC BY-SA 4.0,10176
pdf_001,Lenovo ThinkPad E14 Gen 6 (AMD) - Product Specifications,spec_sheet,laptop,en,manufacturer_pdf,https://psref.lenovo.com,manufacturer public document (academic use),2422
pdf_002,Lenovo IdeaPad Slim 5 Ultra 14ILL11 - Product Specifications,spec_sheet,laptop,en,manufacturer_pdf,https://psref.lenovo.com,manufacturer public document (academic use),1901
pdf_003,Lenovo IdeaPad Slim 3 14Q7X11 - Product Specifications,spec_sheet,laptop,en,manufacturer_pdf,https://psref.lenovo.com,manufacturer public document (academic use),1534
pdf_004,Lenovo LOQ 15IRH11E - Product Specifications,spec_sheet,laptop,en,manufacturer_pdf,https://psref.lenovo.com,manufacturer public document (academic use),1639
pdf_005,Lenovo Legion 5 15IAX11 - Product Specifications,spec_sheet,laptop,en,manufacturer_pdf,https://psref.lenovo.com,manufacturer public document (academic use),1864
pdf_006,Lenovo Yoga Pro 9 16IPH11 - Product Specifications,spec_sheet,laptop,en,manufacturer_pdf,https://psref.lenovo.com,manufacturer public document (academic use),1973
pdf_007,Lenovo ThinkPad P1 Gen 8 - Product Specifications,spec_sheet,laptop,en,manufacturer_pdf,https://psref.lenovo.com,manufacturer public document (academic use),2234
pdf_008,Lenovo ThinkPad X1 Carbon Gen 14 - Product Specifications,spec_sheet,laptop,en,manufacturer_pdf,https://psref.lenovo.com,manufacturer public document (academic use),3182
pdf_009,HP Victus Gaming Laptop 15 - Data Sheet,spec_sheet,laptop,en,manufacturer_pdf,https://h20195.www2.hp.com,manufacturer public document (academic use),418
pdf_010,HP ProBook 450 - QuickSpecs,spec_sheet,laptop,en,manufacturer_pdf,https://h20195.www2.hp.com,manufacturer public document (academic use),3814
pdf_011,Dell XPS 14 (DA14260) - Specifications,spec_sheet,laptop,en,manufacturer_pdf,https://www.dell.com/support,manufacturer public document (academic use),2772
pdf_012,Dell Inspiron 15 - Specifications,spec_sheet,laptop,en,manufacturer_pdf,https://www.dell.com/support,manufacturer public document (academic use),1785
